{"cameraMode":{"drawMode":0,"name":"Shaded","section":"Shading Mode"},"sceneLighting":false,"audioPlay":false,"sceneViewState":{"showFog":false,"showMaterialUpdate":true,"showSkybox":false,"showFlares":true,"showImageEffects":true,"showParticleSystems":true},"in2DMode":false,"pivot":{"x":-0.0049898624420166019,"y":-0.01776784658432007,"z":0.027903199195861818},"rotation":{"x":0.07678082585334778,"y":0.8588005900382996,"z":-0.13507066667079926,"w":0.48818567395210268},"size":5.100617408752441,"orthographic":true}