{"cameraMode":{"drawMode":0,"name":"Shaded","section":"Shading Mode"},"sceneLighting":true,"audioPlay":false,"sceneViewState":{"showFog":true,"showMaterialUpdate":true,"showSkybox":true,"showFlares":true,"showImageEffects":true,"showParticleSystems":true},"in2DMode":false,"pivot":{"x":86.26200103759766,"y":158.79598999023438,"z":0.0},"rotation":{"x":-0.0722360908985138,"y":-0.017356667667627336,"z":0.0012572768609970809,"w":-0.997236967086792},"size":214.8533935546875,"orthographic":false}