{"cameraMode":{"drawMode":0,"name":"Shaded","section":"Shading Mode"},"sceneLighting":true,"audioPlay":false,"sceneViewState":{"showFog":false,"showMaterialUpdate":true,"showSkybox":true,"showFlares":true,"showImageEffects":true,"showParticleSystems":true},"in2DMode":false,"pivot":{"x":72.59999084472656,"y":260.70001220703127,"z":0.0},"rotation":{"x":-0.031794432550668719,"y":-0.024887552484869958,"z":0.0007919736090116203,"w":-0.9991850852966309},"size":115.56521606445313,"orthographic":true}