{"cameraMode":{"drawMode":0,"name":"Shaded","section":"Shading Mode"},"sceneLighting":true,"audioPlay":false,"sceneViewState":{"showFog":false,"showMaterialUpdate":true,"showSkybox":true,"showFlares":true,"showImageEffects":true,"showParticleSystems":true},"in2DMode":false,"pivot":{"x":-3.734989881515503,"y":-2.8477678298950197,"z":-4.102097034454346},"rotation":{"x":0.1013573482632637,"y":-0.748708188533783,"z":0.11775492131710053,"w":0.6444408297538757},"size":4.855282306671143,"orthographic":false}