{"cameraMode":{"drawMode":0,"name":"Shaded","section":"Shading Mode"},"sceneLighting":true,"audioPlay":false,"sceneViewState":{"showFog":false,"showMaterialUpdate":true,"showSkybox":true,"showFlares":true,"showImageEffects":true,"showParticleSystems":true},"in2DMode":false,"pivot":{"x":-3.544989824295044,"y":-2.7877678871154787,"z":-4.002097129821777},"rotation":{"x":0.1013573482632637,"y":-0.748708188533783,"z":0.11775492131710053,"w":0.6444408297538757},"size":5.1006178855896,"orthographic":false}