{"cameraMode":{"drawMode":0,"name":"Shaded","section":"Shading Mode"},"sceneLighting":true,"audioPlay":false,"sceneViewState":{"showFog":true,"showMaterialUpdate":true,"showSkybox":true,"showFlares":true,"showImageEffects":true,"showParticleSystems":true},"in2DMode":false,"pivot":{"x":8.100000381469727,"y":5.079999923706055,"z":-43.95000076293945},"rotation":{"x":0.018610557541251184,"y":0.9814307689666748,"z":-0.13061192631721497,"w":0.13960933685302735},"size":4.5839433670043949,"orthographic":false}