{"cameraMode":{"drawMode":0,"name":"Shaded","section":"Shading Mode"},"sceneLighting":true,"audioPlay":false,"sceneViewState":{"showFog":true,"showMaterialUpdate":true,"showSkybox":true,"showFlares":true,"showImageEffects":true,"showParticleSystems":true},"in2DMode":false,"pivot":{"x":-5.0138139724731449,"y":-3.7816009521484377,"z":0.9164037704467773},"rotation":{"x":-0.13459856808185578,"y":0.06593968719244003,"z":-0.008976992219686509,"w":-0.9886642098426819},"size":23.8447322845459,"orthographic":false}