{"cameraMode":{"drawMode":0,"name":"Shaded","section":"Shading Mode"},"sceneLighting":false,"audioPlay":false,"sceneViewState":{"showFog":false,"showMaterialUpdate":true,"showSkybox":false,"showFlares":true,"showImageEffects":true,"showParticleSystems":true},"in2DMode":false,"pivot":{"x":-0.0049898624420166019,"y":-0.01776784658432007,"z":0.027903199195861818},"rotation":{"x":0.019375206902623178,"y":0.9750625491142273,"z":0.09448636323213577,"w":-0.1998935490846634},"size":5.135998249053955,"orthographic":true}