{"cameraMode":{"drawMode":0,"name":"Shaded","section":"Shading Mode"},"sceneLighting":true,"audioPlay":false,"sceneViewState":{"showFog":true,"showMaterialUpdate":true,"showSkybox":true,"showFlares":true,"showImageEffects":true,"showParticleSystems":true},"in2DMode":false,"pivot":{"x":10.50493049621582,"y":0.382443904876709,"z":-59.051795959472659},"rotation":{"x":0.018610557541251184,"y":0.9814307689666748,"z":-0.13061192631721497,"w":0.13960933685302735},"size":19.03813362121582,"orthographic":false}