{"cameraMode":{"drawMode":0,"name":"Shaded","section":"Shading Mode"},"sceneLighting":false,"audioPlay":false,"sceneViewState":{"showFog":false,"showMaterialUpdate":true,"showSkybox":false,"showFlares":true,"showImageEffects":true,"showParticleSystems":true},"in2DMode":false,"pivot":{"x":-0.0049898624420166019,"y":-0.01776784658432007,"z":0.027903199195861818},"rotation":{"x":0.013624472543597222,"y":-0.8365903496742249,"z":0.020836452022194864,"w":0.5472676157951355},"size":5.100617408752441,"orthographic":true}